method,label,name,shared_class
TM,0,???,EXCLUDE
TM,1,Default_Mode_net,Default
TM,2,Visual_net,Visual
TM,3,Frontoparietal_net,Frontoparietal
TM,4,unlabelled4,EXCLUDE
TM,5,Dorsal_Attention_net,Dorsal_Attention
TM,6,unlabelled6,EXCLUDE
TM,7,Ventral_Attention_net,Ventral_Attention/Language
TM,8,Salience_net,Salience
TM,9,Action-Mode_net,Action-Mode/Cingulo-Opercular
TM,10,Sensorimotor_Dorsal_net,Somatomotor
TM,11,Sensorimotor_Lateral_net,Somatomotor
TM,12,Auditory_net,Auditory
TM,13,Temporal_Pole_net,Default
TM,14,Medial_Temporal_Lobe_net,Default
TM,15,Parietal_Memory_net,Parietal_Memory/Medial_Parietal
TM,16,Parietal_Occipital_net,Default
TM,17,unlabelled17,EXCLUDE
TM,18,Somato-Cognitive-Action_net,SCAN
Infomap,0,Unassigned,EXCLUDE
Infomap,1,Default_Parietal,Default
Infomap,2,Default_Anterolateral,Default
Infomap,3,Default_Dorsolateral,Default
Infomap,4,Default_Retrosplenial,Default
Infomap,5,Visual_Lateral,Visual
Infomap,6,Visual_Dorsal/VentralStream,Visual
Infomap,7,Visual_V5,Visual
Infomap,8,Visual_V1,Visual
Infomap,9,Frontoparietal,Frontoparietal
Infomap,10,DorsalAttention,Dorsal_Attention
Infomap,11,Premotor/DorsalAttentionII,Somatomotor
Infomap,12,Language,Ventral_Attention/Language
Infomap,13,Salience,Salience
Infomap,14,CinguloOpercular/Action-mode,Action-Mode/Cingulo-Opercular
Infomap,15,MedialParietal,Parietal_Memory/Medial_Parietal
Infomap,16,Somatomotor_Hand,Somatomotor
Infomap,17,Somatomotor_Face,Somatomotor
Infomap,18,Somatomotor_Foot,Somatomotor
Infomap,19,Auditory,Auditory
Infomap,20,SomatoCognitiveAction,SCAN
